{"overall_loss": 2.7829298973083496, "loop_times": 30, "grad_norm/layerwise": {"_read_in.weight": 1.174972414970398, "_read_in.bias": 0.8107784986495972, "_backbone.transformer.wpe.weight": 0.0, "_backbone.transformer.h.0.ln_1.weight": 0.0, "_backbone.transformer.h.0.ln_1.bias": 0.0, "_backbone.transformer.h.0.attn.c_attn.weight": 0.0, "_backbone.transformer.h.0.attn.c_attn.bias": 0.0, "_backbone.transformer.h.0.attn.c_proj.weight": 0.0, "_backbone.transformer.h.0.attn.c_proj.bias": 0.0, "_backbone.transformer.h.0.ln_2.weight": 0.0, "_backbone.transformer.h.0.ln_2.bias": 0.0, "_backbone.transformer.h.0.mlp.c_fc.weight": 0.0, "_backbone.transformer.h.0.mlp.c_fc.bias": 0.0, "_backbone.transformer.h.0.mlp.c_proj.weight": 0.0, "_backbone.transformer.h.0.mlp.c_proj.bias": 0.0, "_backbone.transformer.h.1.ln_1.weight": 0.0, "_backbone.transformer.h.1.ln_1.bias": 0.0, "_backbone.transformer.h.1.attn.c_attn.weight": 0.0, "_backbone.transformer.h.1.attn.c_attn.bias": 0.0, "_backbone.transformer.h.1.attn.c_proj.weight": 0.0, "_backbone.transformer.h.1.attn.c_proj.bias": 0.0, "_backbone.transformer.h.1.ln_2.weight": 0.0, "_backbone.transformer.h.1.ln_2.bias": 0.0, "_backbone.transformer.h.1.mlp.c_fc.weight": 0.0, "_backbone.transformer.h.1.mlp.c_fc.bias": 0.0, "_backbone.transformer.h.1.mlp.c_proj.weight": 0.0, "_backbone.transformer.h.1.mlp.c_proj.bias": 0.0, "_backbone.transformer.ln_f.weight": 0.0, "_backbone.transformer.ln_f.bias": 0.0, "_read_out.weight": 0.2552434802055359, "_read_out.bias": 0.09813854843378067, "lstm.lstm.weight_ih_l0": 4.987617015838623, "lstm.lstm.weight_hh_l0": 2.9856019020080566, "lstm.lstm.bias_ih_l0": 1.6407794952392578, "lstm.lstm.bias_hh_l0": 1.6407794952392578, "lstm.lstm.weight_ih_l1": 1.8011956214904785, "lstm.lstm.weight_hh_l1": 2.7266948223114014, "lstm.lstm.bias_ih_l1": 1.3214282989501953, "lstm.lstm.bias_hh_l1": 1.3214282989501953}, "grad_norm": 7.4470581504424525, "pointwise/loss": {"0": 8.148221015930176, "1": 12.492050170898438, "2": 9.339570999145508, "3": 6.033990859985352, "4": 9.351722717285156, "5": 7.132133483886719, "6": 4.568085670471191, "7": 4.995438575744629, "8": 3.476731777191162, "9": 4.9464616775512695, "10": 6.374203205108643, "11": 3.9624946117401123, "12": 3.8254332542419434, "13": 3.1758384704589844, "14": 1.7813720703125, "15": 2.2425646781921387, "16": 1.8626751899719238, "17": 2.0025758743286133, "18": 1.786376714706421, "19": 1.3697617053985596, "20": 1.7377924919128418, "21": 1.2775626182556152, "22": 1.3047871589660645, "23": 1.0010241270065308, "24": 0.9631145000457764, "25": 0.5187442898750305, "26": 0.5792605876922607, "27": 0.7164402008056641, "28": 0.6995096802711487, "29": 0.949970543384552, "30": 0.5964908599853516, "31": 0.5297045111656189, "32": 0.799796462059021, "33": 0.39272820949554443, "34": 0.5635043978691101, "35": 0.28186988830566406, "36": 0.3846970796585083, "37": 0.6038340330123901, "38": 0.372546911239624, "39": 0.557563066482544, "40": 0.4039424955844879}, "n_points": 41, "n_dims": 10, "lr": 0.0001, "_timestamp": 1722623692, "_runtime": 2336, "_step": 20000, "_wandb": {"runtime": 2334}}