{"overall_loss": 2.2351856231689453, "loop_times": 30, "grad_norm/layerwise": {"_read_in.weight": 1.3182146549224854, "_read_in.bias": 0.18642200529575348, "_backbone.transformer.wpe.weight": 0.31285256147384644, "_backbone.transformer.h.0.ln_1.weight": 0.14524568617343903, "_backbone.transformer.h.0.ln_1.bias": 0.1048627495765686, "_backbone.transformer.h.0.attn.c_attn.weight": 3.8047561645507812, "_backbone.transformer.h.0.attn.c_attn.bias": 0.13171884417533875, "_backbone.transformer.h.0.attn.c_proj.weight": 1.6808099746704102, "_backbone.transformer.h.0.attn.c_proj.bias": 0.16701063513755798, "_backbone.transformer.h.0.ln_2.weight": 0.08088389784097672, "_backbone.transformer.h.0.ln_2.bias": 0.08028507977724075, "_backbone.transformer.h.0.mlp.c_fc.weight": 1.5118839740753174, "_backbone.transformer.h.0.mlp.c_fc.bias": 0.10063143074512482, "_backbone.transformer.h.0.mlp.c_proj.weight": 1.8772212266921997, "_backbone.transformer.h.0.mlp.c_proj.bias": 0.16602708399295807, "_backbone.transformer.ln_f.weight": 0.26298484206199646, "_backbone.transformer.ln_f.bias": 0.2178831696510315, "_read_out.weight": 2.4206647872924805, "_read_out.bias": 0.013927876949310303}, "grad_norm": 5.5754663197390055, "pointwise/loss": {"0": 8.335182189941406, "1": 12.866461753845215, "2": 10.633926391601562, "3": 7.10482120513916, "4": 12.348381996154785, "5": 6.880918502807617, "6": 6.275632858276367, "7": 7.186652183532715, "8": 3.5116326808929443, "9": 3.74100923538208, "10": 3.7561159133911133, "11": 1.724752426147461, "12": 1.7044600248336792, "13": 0.9227973222732544, "14": 0.3476998805999756, "15": 0.3720042407512665, "16": 0.21141491830348969, "17": 0.1750132441520691, "18": 0.25327107310295105, "19": 0.11400629580020905, "20": 0.1292291283607483, "21": 0.10981503874063492, "22": 0.1009608805179596, "23": 0.09329815208911896, "24": 0.14100977778434753, "25": 0.07374224811792374, "26": 0.08175772428512573, "27": 0.08284945785999298, "28": 0.08788671344518661, "29": 0.06312205642461777, "30": 0.06025245413184166, "31": 0.07528451085090637, "32": 0.06646240502595901, "33": 0.0524153858423233, "34": 0.037289299070835114, "35": 0.035033125430345535, "36": 0.03777619078755379, "37": 0.04655550420284271, "38": 0.055415377020835876, "39": 0.050571508705616, "40": 0.05547346919775009}, "n_points": 41, "n_dims": 10, "lr": 0.0001, "_timestamp": 1722615514, "_runtime": 1121, "_step": 20000, "_wandb": {"runtime": 1119}}