{"overall_loss": 1.6033990383148193, "loop_times": 30, "grad_norm/layerwise": {"_read_in.weight": 1.108869194984436, "_read_in.bias": 0.13466526567935944, "_backbone.transformer.wpe.weight": 0.2548152804374695, "_backbone.transformer.h.0.ln_1.weight": 0.07664783298969269, "_backbone.transformer.h.0.ln_1.bias": 0.061647627502679825, "_backbone.transformer.h.0.attn.c_attn.weight": 2.0656545162200928, "_backbone.transformer.h.0.attn.c_attn.bias": 0.09286244213581085, "_backbone.transformer.h.0.attn.c_proj.weight": 0.8313120007514954, "_backbone.transformer.h.0.attn.c_proj.bias": 0.12527303397655487, "_backbone.transformer.h.0.ln_2.weight": 0.06144097074866295, "_backbone.transformer.h.0.ln_2.bias": 0.07486795634031296, "_backbone.transformer.h.0.mlp.c_fc.weight": 1.011460304260254, "_backbone.transformer.h.0.mlp.c_fc.bias": 0.06360124796628952, "_backbone.transformer.h.0.mlp.c_proj.weight": 0.9549871683120728, "_backbone.transformer.h.0.mlp.c_proj.bias": 0.13496343791484833, "_backbone.transformer.h.1.ln_1.weight": 0.07758278399705887, "_backbone.transformer.h.1.ln_1.bias": 0.08746370673179626, "_backbone.transformer.h.1.attn.c_attn.weight": 1.4342073202133179, "_backbone.transformer.h.1.attn.c_attn.bias": 0.08883287012577057, "_backbone.transformer.h.1.attn.c_proj.weight": 0.9589238166809082, "_backbone.transformer.h.1.attn.c_proj.bias": 0.11319876462221146, "_backbone.transformer.h.1.ln_2.weight": 0.0461239218711853, "_backbone.transformer.h.1.ln_2.bias": 0.0574827715754509, "_backbone.transformer.h.1.mlp.c_fc.weight": 0.8054805397987366, "_backbone.transformer.h.1.mlp.c_fc.bias": 0.05120560899376869, "_backbone.transformer.h.1.mlp.c_proj.weight": 1.016108751296997, "_backbone.transformer.h.1.mlp.c_proj.bias": 0.09218257665634155, "_backbone.transformer.ln_f.weight": 0.2036808878183365, "_backbone.transformer.ln_f.bias": 0.12220510095357895, "_read_out.weight": 1.4780281782150269, "_read_out.bias": 0.05122999846935272}, "grad_norm": 3.90174940564131, "pointwise/loss": {"0": 8.206875801086426, "1": 12.933929443359375, "2": 9.373510360717773, "3": 6.008550643920898, "4": 7.9455952644348145, "5": 6.767405033111572, "6": 4.181676387786865, "7": 3.547825336456299, "8": 1.8225066661834717, "9": 1.6104694604873657, "10": 0.8348140120506287, "11": 0.2234831005334854, "12": 0.3695009648799896, "13": 0.13648872077465057, "14": 0.07468892633914948, "15": 0.0890609472990036, "16": 0.06817889213562012, "17": 0.05892343074083328, "18": 0.0522598996758461, "19": 0.04435472935438156, "20": 0.031726229935884476, "21": 0.048374056816101074, "22": 0.03158628195524216, "23": 0.03510269150137901, "24": 0.035060156136751175, "25": 0.038703370839357376, "26": 0.04375027120113373, "27": 0.03058268316090107, "28": 0.02638985775411129, "29": 0.03228723630309105, "30": 0.03367030620574951, "31": 0.027034198865294456, "32": 0.027233729138970375, "33": 0.018930863589048386, "34": 0.027427371591329575, "35": 0.02768794633448124, "36": 0.018765002489089966, "37": 0.038138046860694885, "38": 0.025298520922660828, "39": 0.033135514706373215, "40": 0.030842751264572144}, "n_points": 41, "n_dims": 10, "lr": 0.0001, "_timestamp": 1722530299, "_runtime": 2312, "_step": 20000, "_wandb": {"runtime": 2310}}