{"overall_loss": 1.6352062225341797, "loop_times": 30, "grad_norm/layerwise": {"_read_in.weight": 1.3777822256088257, "_read_in.bias": 0.1949838250875473, "_backbone.transformer.wpe.weight": 0.2784847915172577, "_backbone.transformer.h.0.ln_1.weight": 0.10080426186323166, "_backbone.transformer.h.0.ln_1.bias": 0.07897669821977615, "_backbone.transformer.h.0.attn.c_attn.weight": 3.3864340782165527, "_backbone.transformer.h.0.attn.c_attn.bias": 0.16423872113227844, "_backbone.transformer.h.0.attn.c_proj.weight": 1.3778694868087769, "_backbone.transformer.h.0.attn.c_proj.bias": 0.15471597015857697, "_backbone.transformer.h.0.ln_2.weight": 0.07673302292823792, "_backbone.transformer.h.0.ln_2.bias": 0.057107530534267426, "_backbone.transformer.h.0.mlp.c_fc.weight": 1.3327590227127075, "_backbone.transformer.h.0.mlp.c_fc.bias": 0.07350766658782959, "_backbone.transformer.h.0.mlp.c_proj.weight": 1.5778306722640991, "_backbone.transformer.h.0.mlp.c_proj.bias": 0.1335238218307495, "_backbone.transformer.ln_f.weight": 0.27127212285995483, "_backbone.transformer.ln_f.bias": 0.1799757480621338, "_read_out.weight": 1.1585328578948975, "_read_out.bias": 0.005224340595304966}, "grad_norm": 4.603695211142489, "pointwise/loss": {"0": 8.169743537902832, "1": 12.856792449951172, "2": 9.210258483886719, "3": 6.030548572540283, "4": 7.8232927322387695, "5": 6.740087509155273, "6": 4.252630710601807, "7": 3.3597230911254883, "8": 1.6213037967681885, "9": 1.7162909507751465, "10": 1.028618574142456, "11": 0.34571993350982666, "12": 0.5497040152549744, "13": 0.23798494040966034, "14": 0.10545003414154053, "15": 0.10674948990345001, "16": 0.14773553609848022, "17": 0.09876330196857452, "18": 0.07587073743343353, "19": 0.035276997834444046, "20": 0.06346859037876129, "21": 0.0467984676361084, "22": 0.030042100697755814, "23": 0.03335503488779068, "24": 0.03492482006549835, "25": 0.035036034882068634, "26": 0.04088781774044037, "27": 0.04408208653330803, "28": 0.03501483425498009, "29": 0.05019719898700714, "30": 0.0464131161570549, "31": 0.027309799566864967, "32": 0.02514355629682541, "33": 0.024547120556235313, "34": 0.030400767922401428, "35": 0.02363530546426773, "36": 0.022676145657896996, "37": 0.03498309105634689, "38": 0.02757991850376129, "39": 0.0398545041680336, "40": 0.029092639684677124}, "n_points": 41, "n_dims": 10, "lr": 0.0001, "_timestamp": 1722527813, "_runtime": 1235, "_step": 20000, "_wandb": {"runtime": 1233}}