{"overall_loss": 4.719381332397461, "loop_times": 30, "grad_norm/layerwise": {"_read_in.weight": 1.5731085538864136, "_read_in.bias": 0.26637929677963257, "_backbone.transformer.wpe.weight": 0.3356914222240448, "_backbone.transformer.h.0.ln_1.weight": 0.12495161592960358, "_backbone.transformer.h.0.ln_1.bias": 0.09653857350349426, "_backbone.transformer.h.0.attn.c_attn.weight": 3.516143321990967, "_backbone.transformer.h.0.attn.c_attn.bias": 0.17528846859931946, "_backbone.transformer.h.0.attn.c_proj.weight": 1.6762393712997437, "_backbone.transformer.h.0.attn.c_proj.bias": 0.14514116942882538, "_backbone.transformer.h.0.ln_2.weight": 0.08330538123846054, "_backbone.transformer.h.0.ln_2.bias": 0.07752449810504913, "_backbone.transformer.h.0.mlp.c_fc.weight": 1.4782780408859253, "_backbone.transformer.h.0.mlp.c_fc.bias": 0.08098359405994415, "_backbone.transformer.h.0.mlp.c_proj.weight": 1.4255799055099487, "_backbone.transformer.h.0.mlp.c_proj.bias": 0.15448375046253204, "_backbone.transformer.ln_f.weight": 0.21813200414180756, "_backbone.transformer.ln_f.bias": 0.20460304617881775, "_read_out.weight": 1.9655393362045288, "_read_out.bias": 0.17472529411315918}, "grad_norm": 5.113937749910485, "pointwise/loss": {"0": 8.282729148864746, "1": 13.356109619140625, "2": 9.75055980682373, "3": 7.217329978942871, "4": 13.51943588256836, "5": 8.163236618041992, "6": 7.1605377197265625, "7": 10.263794898986816, "8": 8.6934175491333, "9": 10.606579780578613, "10": 11.376571655273438, "11": 12.65371322631836, "12": 11.926345825195312, "13": 8.883795738220215, "14": 7.674007892608643, "15": 6.6884446144104, "16": 7.846898555755615, "17": 7.559837341308594, "18": 4.854292869567871, "19": 3.9495015144348145, "20": 4.3709869384765625, "21": 1.8334617614746094, "22": 1.398098111152649, "23": 0.9014804363250732, "24": 0.6492026448249817, "25": 0.30145779252052307, "26": 0.36882445216178894, "27": 0.34983029961586, "28": 0.2465343177318573, "29": 0.18513743579387665, "30": 0.1356557011604309, "31": 0.11306607723236084, "32": 0.11309210956096649, "33": 0.07669328898191452, "34": 0.07142074406147003, "35": 0.06984645128250122, "36": 0.08988825231790543, "37": 0.12179099023342133, "38": 0.07267124205827713, "39": 0.10129414498806, "40": 0.07425789535045624}, "n_points": 41, "n_dims": 10, "lr": 0.0001, "_timestamp": 1722613399, "_runtime": 1050, "_step": 20000, "_wandb": {"runtime": 1048}}