{"overall_loss": 1.5888559818267822, "loop_times": 30, "grad_norm/layerwise": {"_read_in.weight": 0.9095022082328796, "_read_in.bias": 0.13748542964458466, "_backbone.transformer.wpe.weight": 0.2262497842311859, "_backbone.transformer.h.0.ln_1.weight": 0.08737138658761978, "_backbone.transformer.h.0.ln_1.bias": 0.09310733526945114, "_backbone.transformer.h.0.attn.c_attn.weight": 1.7583842277526855, "_backbone.transformer.h.0.attn.c_attn.bias": 0.10202063620090485, "_backbone.transformer.h.0.attn.c_proj.weight": 0.8919837474822998, "_backbone.transformer.h.0.attn.c_proj.bias": 0.12980210781097412, "_backbone.transformer.h.0.ln_2.weight": 0.056249603629112244, "_backbone.transformer.h.0.ln_2.bias": 0.054267365485429764, "_backbone.transformer.h.0.mlp.c_fc.weight": 0.7978920340538025, "_backbone.transformer.h.0.mlp.c_fc.bias": 0.052762456238269806, "_backbone.transformer.h.0.mlp.c_proj.weight": 0.7607359290122986, "_backbone.transformer.h.0.mlp.c_proj.bias": 0.10996323823928833, "_backbone.transformer.h.1.ln_1.weight": 0.052281688898801804, "_backbone.transformer.h.1.ln_1.bias": 0.049100570380687714, "_backbone.transformer.h.1.attn.c_attn.weight": 1.1080697774887085, "_backbone.transformer.h.1.attn.c_attn.bias": 0.06978915631771088, "_backbone.transformer.h.1.attn.c_proj.weight": 0.6888992190361023, "_backbone.transformer.h.1.attn.c_proj.bias": 0.1170051172375679, "_backbone.transformer.h.1.ln_2.weight": 0.019750326871871948, "_backbone.transformer.h.1.ln_2.bias": 0.022107688710093498, "_backbone.transformer.h.1.mlp.c_fc.weight": 0.4705086946487427, "_backbone.transformer.h.1.mlp.c_fc.bias": 0.030821554362773895, "_backbone.transformer.h.1.mlp.c_proj.weight": 0.7686313986778259, "_backbone.transformer.h.1.mlp.c_proj.bias": 0.12474861741065979, "_backbone.transformer.h.2.ln_1.weight": 0.05665205046534538, "_backbone.transformer.h.2.ln_1.bias": 0.07290458679199219, "_backbone.transformer.h.2.attn.c_attn.weight": 1.0864297151565552, "_backbone.transformer.h.2.attn.c_attn.bias": 0.07614237815141678, "_backbone.transformer.h.2.attn.c_proj.weight": 0.7151731252670288, "_backbone.transformer.h.2.attn.c_proj.bias": 0.10493291914463043, "_backbone.transformer.h.2.ln_2.weight": 0.040398288518190384, "_backbone.transformer.h.2.ln_2.bias": 0.052752550691366196, "_backbone.transformer.h.2.mlp.c_fc.weight": 0.643938422203064, "_backbone.transformer.h.2.mlp.c_fc.bias": 0.043818987905979156, "_backbone.transformer.h.2.mlp.c_proj.weight": 0.892363429069519, "_backbone.transformer.h.2.mlp.c_proj.bias": 0.09907988458871841, "_backbone.transformer.ln_f.weight": 0.24723900854587555, "_backbone.transformer.ln_f.bias": 0.13108818233013153, "_read_out.weight": 1.834222435951233, "_read_out.bias": 0.11346596479415894}, "grad_norm": 3.8755920865644886, "pointwise/loss": {"0": 8.175246238708496, "1": 12.820844650268555, "2": 9.111100196838379, "3": 6.005001068115234, "4": 8.21849250793457, "5": 6.729269504547119, "6": 4.2243852615356445, "7": 3.7039453983306885, "8": 1.825634241104126, "9": 1.5446856021881104, "10": 0.6313554048538208, "11": 0.25433653593063354, "12": 0.2634977400302887, "13": 0.15249387919902802, "14": 0.09066259860992432, "15": 0.06966640800237656, "16": 0.0641167089343071, "17": 0.047750480473041534, "18": 0.04803803935647011, "19": 0.041034094989299774, "20": 0.053371280431747437, "21": 0.05028975009918213, "22": 0.029088390991091728, "23": 0.031480491161346436, "24": 0.0336536280810833, "25": 0.025456205010414124, "26": 0.03910908102989197, "27": 0.026402603834867477, "28": 0.023614980280399323, "29": 0.02756187692284584, "30": 0.020319771021604538, "31": 0.01597830280661583, "32": 0.02347291260957718, "33": 0.014675990678369999, "34": 0.022856565192341805, "35": 0.018210088834166527, "36": 0.018682915717363358, "37": 0.035986609756946564, "38": 0.013578264974057674, "39": 0.0347708985209465, "40": 0.020161982625722885}, "n_points": 41, "n_dims": 10, "lr": 0.0001, "_timestamp": 1722533779, "_runtime": 3436, "_step": 20000, "_wandb": {"runtime": 3434}}