{"overall_loss": 2.9706854820251465, "loop_times": 30, "grad_norm/layerwise": {"_read_in.weight": 2.4085538387298584, "_read_in.bias": 1.626233696937561, "_backbone.transformer.wpe.weight": 0.0, "_backbone.transformer.h.0.ln_1.weight": 0.0, "_backbone.transformer.h.0.ln_1.bias": 0.0, "_backbone.transformer.h.0.attn.c_attn.weight": 0.0, "_backbone.transformer.h.0.attn.c_attn.bias": 0.0, "_backbone.transformer.h.0.attn.c_proj.weight": 0.0, "_backbone.transformer.h.0.attn.c_proj.bias": 0.0, "_backbone.transformer.h.0.ln_2.weight": 0.0, "_backbone.transformer.h.0.ln_2.bias": 0.0, "_backbone.transformer.h.0.mlp.c_fc.weight": 0.0, "_backbone.transformer.h.0.mlp.c_fc.bias": 0.0, "_backbone.transformer.h.0.mlp.c_proj.weight": 0.0, "_backbone.transformer.h.0.mlp.c_proj.bias": 0.0, "_backbone.transformer.ln_f.weight": 0.0, "_backbone.transformer.ln_f.bias": 0.0, "_read_out.weight": 0.23525623977184296, "_read_out.bias": 0.09527157992124557, "lstm.lstm.weight_ih_l0": 7.1663737297058105, "lstm.lstm.weight_hh_l0": 4.664241790771484, "lstm.lstm.bias_ih_l0": 2.571352481842041, "lstm.lstm.bias_hh_l0": 2.571352481842041}, "grad_norm": 9.738889099468944, "pointwise/loss": {"0": 8.1990385055542, "1": 12.427322387695312, "2": 9.239486694335938, "3": 6.573684215545654, "4": 9.083739280700684, "5": 6.945501804351807, "6": 4.490391254425049, "7": 5.458892345428467, "8": 3.9432778358459473, "9": 5.038236618041992, "10": 6.965110778808594, "11": 5.095346927642822, "12": 3.8829286098480225, "13": 3.0155186653137207, "14": 2.2131032943725586, "15": 2.587533712387085, "16": 2.0342440605163574, "17": 2.009891986846924, "18": 1.6674761772155762, "19": 1.7464792728424072, "20": 1.9540729522705078, "21": 1.3808523416519165, "22": 1.407868504524231, "23": 1.343098759651184, "24": 1.0225472450256348, "25": 0.7133088707923889, "26": 0.6969914436340332, "27": 1.0560325384140015, "28": 0.9519728422164917, "29": 0.9674136638641357, "30": 0.7644292116165161, "31": 0.5585618019104004, "32": 0.9113457202911377, "33": 0.7671334743499756, "34": 0.8574190139770508, "35": 0.5362439155578613, "36": 0.6297178864479065, "37": 0.807610809803009, "38": 0.4310570955276489, "39": 0.73236483335495, "40": 0.5860970616340637}, "n_points": 41, "n_dims": 10, "lr": 0.0001, "_timestamp": 1722621327, "_runtime": 1095, "_step": 20000, "_wandb": {"runtime": 1093}}