{"overall_loss": 8.300177574157715, "loop_times": 30, "grad_norm/layerwise": {"_read_in.weight": 3.837677240371704, "_read_in.bias": 1.0431510210037231, "_backbone.transformer.wpe.weight": 0.6061762571334839, "_backbone.transformer.h.0.ln_1.weight": 0.38827794790267944, "_backbone.transformer.h.0.ln_1.bias": 0.3859933018684387, "_backbone.transformer.h.0.attn.c_attn.weight": 7.343457221984863, "_backbone.transformer.h.0.attn.c_attn.bias": 0.3796404004096985, "_backbone.transformer.h.0.attn.c_proj.weight": 2.2143778800964355, "_backbone.transformer.h.0.attn.c_proj.bias": 0.24668754637241364, "_backbone.transformer.h.0.ln_2.weight": 0.09981090575456619, "_backbone.transformer.h.0.ln_2.bias": 0.11358391493558884, "_backbone.transformer.h.0.mlp.c_fc.weight": 1.6837607622146606, "_backbone.transformer.h.0.mlp.c_fc.bias": 0.09530596435070038, "_backbone.transformer.h.0.mlp.c_proj.weight": 1.3574246168136597, "_backbone.transformer.h.0.mlp.c_proj.bias": 0.11788053810596466, "_backbone.transformer.ln_f.weight": 0.2439681887626648, "_backbone.transformer.ln_f.bias": 0.1617346704006195, "_read_out.weight": 1.3972331285476685, "_read_out.bias": 0.09655386209487915}, "grad_norm": 9.0713120307175, "pointwise/loss": {"0": 8.086256980895996, "1": 13.261704444885254, "2": 10.056031227111816, "3": 6.297613143920898, "4": 12.89997673034668, "5": 7.856525897979736, "6": 7.437953948974609, "7": 9.650707244873047, "8": 7.739830017089844, "9": 9.835832595825195, "10": 11.613950729370117, "11": 12.481368064880371, "12": 11.809505462646484, "13": 8.811197280883789, "14": 8.269548416137695, "15": 8.976917266845703, "16": 8.523391723632812, "17": 10.791027069091797, "18": 10.193753242492676, "19": 8.987455368041992, "20": 13.9775390625, "21": 10.32595443725586, "22": 10.40776538848877, "23": 11.234231948852539, "24": 8.392631530761719, "25": 10.182210922241211, "26": 10.340312004089355, "27": 9.342658996582031, "28": 7.513260364532471, "29": 7.997264385223389, "30": 7.634995460510254, "31": 9.773185729980469, "32": 7.614202976226807, "33": 4.595170021057129, "34": 4.420245170593262, "35": 3.596932888031006, "36": 2.300074577331543, "37": 2.2297286987304688, "38": 1.1660969257354736, "39": 1.4378315210342407, "40": 0.7424449920654297}, "n_points": 41, "n_dims": 10, "lr": 0.0001, "_timestamp": 1722538294, "_runtime": 1234, "_step": 20000, "_wandb": {"runtime": 1231}}